-- misiones semanales
DELETE FROM `quest_template` WHERE Id IN (40313, 40325, 40326, 40327);
insert into `quest_template` (`Id`, `Method`, `Level`, `MinLevel`, `MaxLevel`, `ZoneOrSort`, `Type`, `SuggestedPlayers`, `LimitTime`, `RequiredClasses`, `RequiredRaces`, `RequiredSkillId`, `RequiredSkillPoints`, `RequiredMinRepFaction`, `RequiredMaxRepFaction`, `RequiredMinRepValue`, `RequiredMaxRepValue`, `PrevQuestId`, `NextQuestId`, `ExclusiveGroup`, `NextQuestIdChain`, `RewardXPId`, `RewardOrRequiredMoney`, `RewardMoneyMaxLevel`, `RewardSpell`, `RewardSpellCast`, `RewardHonor`, `RewardHonorMultiplier`, `RewardMailTemplateId`, `RewardMailDelay`, `SourceItemId`, `SourceSpellId`, `Flags`, `Flags2`, `SpecialFlags`, `MinimapTargetMark`, `RewardTitleId`, `RewardTalents`, `RewardArenaPoints`, `RewardSkillId`, `RewardSkillPoints`, `RewardReputationMask`, `QuestGiverPortrait`, `QuestTurnInPortrait`, `RewardPackageItemId`, `RewardItemId1`, `RewardItemId2`, `RewardItemId3`, `RewardItemId4`, `RewardItemCount1`, `RewardItemCount2`, `RewardItemCount3`, `RewardItemCount4`, `RewardChoiceItemId1`, `RewardChoiceItemId2`, `RewardChoiceItemId3`, `RewardChoiceItemId4`, `RewardChoiceItemId5`, `RewardChoiceItemId6`, `RewardChoiceItemCount1`, `RewardChoiceItemCount2`, `RewardChoiceItemCount3`, `RewardChoiceItemCount4`, `RewardChoiceItemCount5`, `RewardChoiceItemCount6`, `RewardFactionId1`, `RewardFactionId2`, `RewardFactionId3`, `RewardFactionId4`, `RewardFactionId5`, `RewardFactionValueId1`, `RewardFactionValueId2`, `RewardFactionValueId3`, `RewardFactionValueId4`, `RewardFactionValueId5`, `RewardFactionValueIdOverride1`, `RewardFactionValueIdOverride2`, `RewardFactionValueIdOverride3`, `RewardFactionValueIdOverride4`, `RewardFactionValueIdOverride5`, `PointMapId`, `PointX`, `PointY`, `PointOption`, `Title`, `Objectives`, `Details`, `EndText`, `OfferRewardText`, `RequestItemsText`, `CompletedText`, `RequiredSourceItemId1`, `RequiredSourceItemId2`, `RequiredSourceItemId3`, `RequiredSourceItemId4`, `RequiredSourceItemCount1`, `RequiredSourceItemCount2`, `RequiredSourceItemCount3`, `RequiredSourceItemCount4`, `RewardCurrencyId1`, `RewardCurrencyId2`, `RewardCurrencyId3`, `RewardCurrencyId4`, `RewardCurrencyCount1`, `RewardCurrencyCount2`, `RewardCurrencyCount3`, `RewardCurrencyCount4`, `QuestGiverTextWindow`, `QuestGiverTargetName`, `QuestTurnTextWindow`, `QuestTurnTargetName`, `SoundAccept`, `SoundTurnIn`, `DetailsEmote1`, `DetailsEmote2`, `DetailsEmote3`, `DetailsEmote4`, `DetailsEmoteDelay1`, `DetailsEmoteDelay2`, `DetailsEmoteDelay3`, `DetailsEmoteDelay4`, `EmoteOnIncomplete`, `EmoteOnComplete`, `OfferRewardEmote1`, `OfferRewardEmote2`, `OfferRewardEmote3`, `OfferRewardEmote4`, `OfferRewardEmoteDelay1`, `OfferRewardEmoteDelay2`, `OfferRewardEmoteDelay3`, `OfferRewardEmoteDelay4`, `WDBVerified`) values
('40313','2','90','90','90','-25','62','0','43200','0','0','0','0','0','0','0','0','0','0','0','0','0','10000000','0','0','0','0','0','0','0','0','0','32970','0','0','0','0','0','0','0','0','0','0','0','0','0','0','0','0','0','0','0','0','49426','17771','0','0','0','0','1','2','0','0','0','0','0','0','0','0','0','0','0','0','0','0','0','0','0','0','0','0','0','0','0','Matar o Morir','Preséntate a los diferentes escenarios de arenas y álzate victorioso tras derrotar a tu oponente, este será uno de los pasos que te convertirá en leyenda siempre y cuando logres sobrevivir.','Gana 10 encuentros de Arenas',NULL,'Parece que tienes un poco de sangre en la cara, limpiate. Excelente trabajo!','Creí que eras mas fuerte $r$B<Te mira de forma despectiva>$BRegresa cuando completes el objetivo.','Regresa con xxx','0','0','0','0','0','0','0','0','0','0','0','0','0','0','0','0','','','','','890','878','0','0','0','0','0','0','0','0','0','5','0','0','0','0','0','0','0','0','18414'),
('40325','2','90','90','90','-25','62','0','43200','0','0','0','0','0','0','0','0','0','0','0','0','0','10000000','0','0','0','0','0','0','0','0','0','32970','0','0','0','0','0','0','0','0','0','0','0','0','0','0','0','0','0','0','0','0','49426','17771','0','0','0','0','1','2','0','0','0','0','0','0','0','0','0','0','0','0','0','0','0','0','0','0','0','0','0','0','0','Llamamiento a las armas: Campos de batalla puntuados','Reúne a tu equipo, controla los campos de batalla y conquista a la facción contraria para traer gloria y honor a tus aliados','Gana 5 campos de batalla puntuados',NULL,'Parece que tienes un poco de sangre en la cara, limpiate. Excelente trabajo!','Creí que eras mas fuerte $r$B<Te mira de forma despectiva>$BRegresa cuando completes el objetivo.','Regresa con xxx','0','0','0','0','0','0','0','0','0','0','0','0','0','0','0','0','','','','','890','878','0','0','0','0','0','0','0','0','0','5','0','0','0','0','0','0','0','0','18414'),
('40326','2','90','90','90','-25','62','0','43200','0','0','0','0','0','0','0','0','0','0','0','0','0','10000000','0','0','0','0','0','0','0','0','0','32970','0','0','0','0','0','0','0','0','0','0','0','0','0','0','0','0','0','0','0','0','49426','17771','0','0','0','0','1','2','0','0','0','0','0','0','0','0','0','0','0','0','0','0','0','0','0','0','0','0','0','0','0','Llamamiento a las armas: Campos de batalla','Guerrero, afila tus armas y empuña tu valor, ve y enfrenta a tus enemigos en los frentes de batalla repartidos en este mundo,domina a la facción contraria y báñate en honor y gloria.','Gana 10 campos de batalla',NULL,'Parece que tienes un poco de sangre en la cara, limpiate. Excelente trabajo!','Creí que eras mas fuerte $r$B<Te mira de forma despectiva>$BRegresa cuando completes el objetivo.','Regresa con xxx','0','0','0','0','0','0','0','0','0','0','0','0','0','0','0','0','','','','','890','878','0','0','0','0','0','0','0','0','0','5','0','0','0','0','0','0','0','0','18414'),
('40327','2','90','90','90','-1','62','0','43200','0','0','0','0','0','0','0','0','0','0','0','0','0','10000000','0','0','0','0','0','0','0','0','0','32970','0','0','0','0','0','0','0','0','0','0','0','0','0','0','0','0','0','0','0','0','49426','17771','0','0','0','0','1','2','0','0','0','0','0','0','0','0','0','0','0','0','0','0','0','0','0','0','0','0','0','0','0','El fin de la voluntad del emperador','Ser de carne, las cámaras de Mogu´Shan albergan un poder titánico más allá de la comprensión de seres simples, un ejercito de piedra desactivado, y muchas más amenazas, debes ponerle fin a lo que sea que esté detrás de estos fenómenos.','Derrota a la voluntad del Emperador en las cámaras de Mogu´shan',NULL,'Parece que tienes un poco de sangre en la cara, limpiate. Excelente trabajo!','Creí que eras mas fuerte $r$B<Te mira de forma despectiva>$BRegresa cuando completes el objetivo.','Regresa con xxx','0','0','0','0','0','0','0','0','0','0','0','0','0','0','0','0','','','','','890','878','0','0','0','0','0','0','0','0','0','5','0','0','0','0','0','0','0','0','18414');

DELETE FROM `creature_queststarter` WHERE quest IN (40313, 40325, 40326, 40327);
INSERT INTO `creature_queststarter` (`id`, `quest`) VALUES
('300015','40313'),
('300015','40325'),
('300015','40326'),
('300015','40327');

DELETE FROM `creature_questender` WHERE quest IN (40313, 40325, 40326, 40327);
INSERT INTO `creature_questender` (`id`, `quest`) VALUES
('300015','40313'),
('300015','40325'),
('300015','40326'),
('300015','40327');

DELETE FROM `quest_objective` WHERE questId IN (40313, 40325, 40326, 40327);
insert into `quest_objective` (`questId`, `id`, `index`, `type`, `objectId`, `amount`, `flags`, `description`) values
('40313','500283','0','0','300001','10','0','Objetive quest pvp-arena'),
('40325','500296','0','0','300002','5','0','Objetive quest pvp-rbg'),
('40326','500297','0','0','300003','10','0','Objetive quest pvp-bg'),
('40327','500298','0','0','60400','1','0',NULL);

DELETE FROM `creature_template` WHERE entry IN (300001, 300002, 300003);
insert into `creature_template` (`entry`, `difficulty_entry_1`, `difficulty_entry_2`, `difficulty_entry_3`, `difficulty_entry_4`, `difficulty_entry_5`, `KillCredit1`, `KillCredit2`, `modelid1`, `modelid2`, `modelid3`, `modelid4`, `name`, `subname`, `IconName`, `gossip_menu_id`, `minlevel`, `maxlevel`, `exp`, `exp_unk`, `faction_A`, `faction_H`, `npcflag`, `npcflag2`, `speed_walk`, `speed_run`, `scale`, `rank`, `mindmg`, `maxdmg`, `dmgschool`, `attackpower`, `dmg_multiplier`, `baseattacktime`, `rangeattacktime`, `unit_class`, `unit_flags`, `unit_flags2`, `dynamicflags`, `family`, `trainer_type`, `trainer_class`, `trainer_race`, `minrangedmg`, `maxrangedmg`, `rangedattackpower`, `type`, `type_flags`, `type_flags2`, `lootid`, `pickpocketloot`, `skinloot`, `resistance1`, `resistance2`, `resistance3`, `resistance4`, `resistance5`, `resistance6`, `spell1`, `spell2`, `spell3`, `spell4`, `spell5`, `spell6`, `spell7`, `spell8`, `PetSpellDataId`, `VehicleId`, `mingold`, `maxgold`, `AIName`, `MovementType`, `InhabitType`, `HoverHeight`, `Health_mod`, `Mana_mod`, `Mana_mod_extra`, `Armor_mod`, `RacialLeader`, `questItem1`, `questItem2`, `questItem3`, `questItem4`, `questItem5`, `questItem6`, `movementId`, `RegenHealth`, `VignetteID`, `TrackingQuestID`, `mechanic_immune_mask`, `flags_extra`, `ScriptName`, `VerifiedBuild`) values
('300001','0','0','0','0','0','0','0','16480','0','0','0','Arenas','Quest Credit Arenas',NULL,'0','1','1','4','0','35','35','0','0','1','1.14286','1','0','9839','14339','0','42299','1','2000','2000','1','33555200','2048','0','0','0','0','0','0','0','0','10','0','0','0','0','0','0','0','0','0','0','0','0','0','0','0','0','0','0','0','0','0','0','0','','0','3','1','1','1','1','1','0','0','0','0','0','0','0','0','1','0','0','0','0','','18414'),
('300002','0','0','0','0','0','0','0','16480','0','0','0','Rated  Battle Ground','Quest Credit RBG',NULL,'0','1','1','4','0','35','35','0','0','1','1.14286','1','0','9839','14339','0','42299','1','2000','2000','1','33555200','2048','0','0','0','0','0','0','0','0','10','0','0','0','0','0','0','0','0','0','0','0','0','0','0','0','0','0','0','0','0','0','0','0','','0','3','1','1','1','1','1','0','0','0','0','0','0','0','0','1','0','0','0','0','','18414'),
('300003','0','0','0','0','0','0','0','16480','0','0','0','Battle Ground','Quest Credit BG',NULL,'0','1','1','4','0','35','35','0','0','1','1.14286','1','0','9839','14339','0','42299','1','2000','2000','1','33555200','2048','0','0','0','0','0','0','0','0','10','0','0','0','0','0','0','0','0','0','0','0','0','0','0','0','0','0','0','0','0','0','0','0','','0','3','1','1','1','1','1','0','0','0','0','0','0','0','0','1','0','0','0','0','','18414');

-- pool de misiones
DELETE FROM `pool_template` WHERE `entry` = '30184'; 
INSERT INTO `pool_template` (`entry`, `max_limit`, `description`) VALUES ('30184', '1', 'Misiones semanales - Transfiguración'); 

DELETE FROM `pool_quest` WHERE entry IN (40313, 40325, 40326, 40327);
INSERT INTO `pool_quest` (`entry`, `pool_entry`, `chance`, `description`) 
VALUES 
('40313', '30184', '0', 'Transfigurador'),
('40325', '30184', '0', 'Transfigurador'), 
('40326', '30184', '0', 'Transfigurador'), 
('40327', '30184', '0', 'Transfigurador'); 

